customer_id,name,city,signup_date
1,Anjali Mehta,Bangalore,22-12-2022
2,Ravi Kumar,Bangalore,20-12-2022
3,Pooja Verma,Ahmedabad,30-05-2024
4,Arjun Patel,Delhi,01-01-2024
5,Amit Yadav,Ahmedabad,23-11-2022
6,Amit Yadav,Pune,01-11-2023
7,Amit Yadav,Hyderabad,10-03-2024
8,Ravi Kumar,Pune,17-07-2023
9,Rahul Das,Pune,27-09-2022
10,Sneha Reddy,Ahmedabad,03-07-2022
11,Sneha Reddy,Mumbai,25-05-2023
12,Karan Singh,Delhi,31-03-2023
13,Priya Sharma,Bangalore,26-10-2022
14,Arjun Patel,Bangalore,14-05-2022
15,Anjali Mehta,Ahmedabad,30-07-2023
16,Amit Yadav,Mumbai,16-08-2022
17,Pooja Verma,Mumbai,24-03-2024
18,Neha Gupta,Delhi,14-01-2024
19,Rahul Das,Kolkata,29-12-2023
20,Priya Sharma,Hyderabad,10-07-2023
21,Arjun Patel,Delhi,27-11-2022
22,Ravi Kumar,Mumbai,01-08-2023
23,Sneha Reddy,Delhi,08-07-2023
24,Pooja Verma,Hyderabad,02-11-2022
25,Amit Yadav,Chennai,06-12-2023
26,Ravi Kumar,Ahmedabad,07-11-2022
27,Arjun Patel,Ahmedabad,31-10-2023
28,Karan Singh,Mumbai,16-04-2022
29,Priya Sharma,Ahmedabad,16-09-2023
30,Sneha Reddy,Bangalore,22-08-2023
31,Neha Gupta,Bangalore,18-12-2022
32,Karan Singh,Kolkata,21-06-2023
33,Amit Yadav,Hyderabad,12-09-2022
34,Anjali Mehta,Bangalore,24-04-2024
35,Arjun Patel,Bangalore,14-11-2023
36,Anjali Mehta,Hyderabad,23-04-2023
37,Neha Gupta,Kolkata,20-09-2023
38,Amit Yadav,Bangalore,11-09-2023
39,Neha Gupta,Bangalore,28-03-2022
40,Pooja Verma,Hyderabad,13-04-2024
41,Pooja Verma,Pune,28-12-2023
42,Neha Gupta,Hyderabad,07-04-2024
43,Pooja Verma,Ahmedabad,06-11-2022
44,Ravi Kumar,Chennai,11-06-2023
45,Karan Singh,Delhi,25-12-2022
46,Pooja Verma,Delhi,15-07-2023
47,Sneha Reddy,Pune,14-04-2022
48,Ravi Kumar,Delhi,23-03-2023
49,Neha Gupta,Kolkata,07-05-2022
50,Amit Yadav,Bangalore,07-10-2022
51,Pooja Verma,Hyderabad,23-02-2022
52,Arjun Patel,Mumbai,09-12-2022
53,Priya Sharma,Chennai,04-10-2023
54,Priya Sharma,Pune,13-08-2022
55,Sneha Reddy,Kolkata,02-04-2024
56,Sneha Reddy,Pune,22-02-2023
57,Anjali Mehta,Kolkata,10-09-2023
58,Sneha Reddy,Chennai,02-05-2024
59,Amit Yadav,Hyderabad,22-08-2023
60,Rahul Das,Pune,26-02-2022
61,Rahul Das,Chennai,15-01-2024
62,Neha Gupta,Kolkata,14-11-2022
63,Sneha Reddy,Mumbai,17-05-2022
64,Sneha Reddy,Mumbai,26-03-2024
65,Karan Singh,Chennai,28-07-2022
66,Priya Sharma,Kolkata,24-10-2023
67,Ravi Kumar,Chennai,19-03-2024
68,Ravi Kumar,Pune,20-03-2022
69,Ravi Kumar,Kolkata,30-09-2022
70,Anjali Mehta,Kolkata,29-04-2024
71,Anjali Mehta,Ahmedabad,08-01-2022
72,Arjun Patel,Bangalore,25-01-2022
73,Karan Singh,Delhi,16-05-2023
74,Pooja Verma,Delhi,23-12-2022
75,Priya Sharma,Ahmedabad,06-02-2022
76,Pooja Verma,Ahmedabad,06-07-2023
77,Anjali Mehta,Mumbai,28-10-2022
78,Arjun Patel,Ahmedabad,30-12-2023
79,Sneha Reddy,Bangalore,04-05-2023
80,Priya Sharma,Mumbai,04-08-2023
81,Ravi Kumar,Kolkata,28-01-2022
82,Pooja Verma,Ahmedabad,23-12-2022
83,Neha Gupta,Chennai,02-04-2024
84,Ravi Kumar,Hyderabad,06-04-2022
85,Sneha Reddy,Mumbai,25-07-2023
86,Anjali Mehta,Ahmedabad,14-09-2023
87,Ravi Kumar,Hyderabad,27-06-2023
88,Pooja Verma,Pune,26-04-2023
89,Karan Singh,Pune,13-02-2022
90,Amit Yadav,Chennai,05-09-2022
91,Priya Sharma,Hyderabad,21-07-2023
92,Neha Gupta,Delhi,02-06-2022
93,Ravi Kumar,Pune,18-04-2022
94,Sneha Reddy,Delhi,29-12-2022
95,Pooja Verma,Delhi,22-04-2024
96,Anjali Mehta,Ahmedabad,13-11-2022
97,Amit Yadav,Pune,05-11-2023
98,Pooja Verma,Chennai,26-04-2023
99,Ravi Kumar,Bangalore,25-02-2024
100,Arjun Patel,Ahmedabad,20-05-2022
101,Pooja Verma,Delhi,05-08-2023
102,Priya Sharma,Hyderabad,01-04-2023
103,Rahul Das,Bangalore,01-02-2022
104,Priya Sharma,Ahmedabad,27-09-2022
105,Arjun Patel,Bangalore,04-03-2024
106,Karan Singh,Ahmedabad,14-01-2022
107,Priya Sharma,Hyderabad,27-12-2023
108,Pooja Verma,Ahmedabad,24-11-2022
109,Amit Yadav,Chennai,22-12-2022
110,Priya Sharma,Hyderabad,12-09-2022
111,Rahul Das,Chennai,28-05-2023
112,Anjali Mehta,Pune,17-06-2023
113,Rahul Das,Ahmedabad,06-02-2022
114,Neha Gupta,Chennai,22-02-2023
115,Ravi Kumar,Chennai,09-04-2024
116,Amit Yadav,Ahmedabad,22-04-2022
117,Anjali Mehta,Ahmedabad,07-01-2022
118,Karan Singh,Mumbai,19-01-2024
119,Priya Sharma,Bangalore,15-10-2023
120,Ravi Kumar,Delhi,28-01-2024
121,Anjali Mehta,Hyderabad,31-01-2024
122,Ravi Kumar,Hyderabad,29-10-2023
123,Karan Singh,Mumbai,18-01-2024
124,Priya Sharma,Ahmedabad,25-11-2022
125,Amit Yadav,Delhi,12-07-2023
126,Ravi Kumar,Hyderabad,23-11-2022
127,Anjali Mehta,Bangalore,13-10-2022
128,Ravi Kumar,Bangalore,22-02-2023
129,Amit Yadav,Pune,09-03-2022
130,Ravi Kumar,Hyderabad,09-02-2023
131,Neha Gupta,Delhi,23-07-2023
132,Ravi Kumar,Bangalore,07-02-2024
133,Priya Sharma,Mumbai,22-01-2022
134,Priya Sharma,Pune,05-02-2023
135,Ravi Kumar,Kolkata,06-08-2022
136,Pooja Verma,Chennai,23-07-2023
137,Amit Yadav,Bangalore,14-01-2023
138,Rahul Das,Delhi,01-01-2023
139,Arjun Patel,Ahmedabad,06-03-2022
140,Sneha Reddy,Hyderabad,20-04-2023
141,Priya Sharma,Delhi,13-01-2024
142,Sneha Reddy,Delhi,26-03-2024
143,Pooja Verma,Hyderabad,25-08-2023
144,Pooja Verma,Bangalore,21-12-2022
145,Pooja Verma,Pune,28-11-2022
146,Neha Gupta,Ahmedabad,27-03-2023
147,Pooja Verma,Chennai,15-03-2024
148,Ravi Kumar,Delhi,30-06-2023
149,Amit Yadav,Ahmedabad,28-08-2023
150,Neha Gupta,Chennai,09-04-2022
151,Pooja Verma,Bangalore,26-01-2023
152,Anjali Mehta,Ahmedabad,20-05-2024
153,Amit Yadav,Hyderabad,14-02-2022
154,Pooja Verma,Delhi,19-04-2023
155,Karan Singh,Delhi,28-09-2022
156,Pooja Verma,Ahmedabad,29-01-2023
157,Rahul Das,Pune,13-12-2022
158,Priya Sharma,Chennai,25-02-2022
159,Rahul Das,Pune,08-01-2022
160,Arjun Patel,Pune,24-07-2022
161,Amit Yadav,Mumbai,24-08-2022
162,Pooja Verma,Kolkata,24-04-2023
163,Karan Singh,Delhi,04-03-2022
164,Rahul Das,Chennai,25-12-2022
165,Pooja Verma,Delhi,31-05-2024
166,Ravi Kumar,Chennai,14-05-2022
167,Neha Gupta,Chennai,21-07-2022
168,Anjali Mehta,Bangalore,24-12-2022
169,Priya Sharma,Chennai,24-06-2022
170,Karan Singh,Mumbai,24-01-2023
171,Karan Singh,Mumbai,28-11-2023
172,Neha Gupta,Bangalore,27-10-2023
173,Arjun Patel,Kolkata,27-05-2023
174,Ravi Kumar,Ahmedabad,28-11-2023
175,Arjun Patel,Chennai,17-05-2023
176,Ravi Kumar,Bangalore,07-09-2023
177,Anjali Mehta,Chennai,27-03-2022
178,Pooja Verma,Kolkata,13-03-2023
179,Rahul Das,Kolkata,06-12-2023
180,Sneha Reddy,Pune,07-01-2022
181,Pooja Verma,Bangalore,11-04-2022
182,Amit Yadav,Hyderabad,03-10-2022
183,Arjun Patel,Delhi,18-11-2023
184,Amit Yadav,Chennai,30-01-2022
185,Ravi Kumar,Mumbai,17-01-2023
186,Amit Yadav,Chennai,18-06-2023
187,Karan Singh,Ahmedabad,21-03-2023
188,Priya Sharma,Hyderabad,24-02-2023
189,Rahul Das,Delhi,11-04-2023
190,Neha Gupta,Delhi,01-08-2023
191,Pooja Verma,Chennai,06-07-2023
192,Pooja Verma,Delhi,03-07-2023
193,Rahul Das,Pune,06-08-2022
194,Anjali Mehta,Chennai,04-06-2023
195,Karan Singh,Chennai,18-01-2024
196,Pooja Verma,Chennai,13-02-2023
197,Neha Gupta,Delhi,20-11-2022
198,Priya Sharma,Hyderabad,30-03-2022
199,Karan Singh,Bangalore,27-10-2023
200,Ravi Kumar,Pune,21-04-2022
201,Rahul Das,Kolkata,18-01-2024
202,Neha Gupta,Ahmedabad,08-02-2024
203,Priya Sharma,Mumbai,11-04-2022
204,Rahul Das,Chennai,23-02-2023
205,Priya Sharma,Mumbai,23-08-2023
206,Priya Sharma,Hyderabad,29-03-2023
207,Amit Yadav,Hyderabad,19-07-2022
208,Priya Sharma,Delhi,10-10-2023
209,Arjun Patel,Mumbai,12-05-2024
210,Priya Sharma,Pune,18-12-2023
211,Priya Sharma,Hyderabad,16-05-2023
212,Anjali Mehta,Ahmedabad,28-03-2024
213,Rahul Das,Mumbai,06-04-2022
214,Rahul Das,Mumbai,14-05-2023
215,Sneha Reddy,Chennai,25-09-2023
216,Ravi Kumar,Ahmedabad,22-07-2023
217,Sneha Reddy,Mumbai,26-04-2022
218,Arjun Patel,Kolkata,03-11-2022
219,Sneha Reddy,Pune,27-01-2024
220,Neha Gupta,Kolkata,08-12-2022
221,Arjun Patel,Pune,25-11-2023
222,Rahul Das,Pune,10-10-2023
223,Karan Singh,Delhi,17-01-2023
224,Arjun Patel,Delhi,15-04-2023
225,Pooja Verma,Pune,19-04-2023
226,Anjali Mehta,Mumbai,01-04-2023
227,Rahul Das,Delhi,21-08-2023
228,Priya Sharma,Hyderabad,19-06-2023
229,Ravi Kumar,Kolkata,02-05-2022
230,Rahul Das,Hyderabad,10-05-2022
231,Arjun Patel,Bangalore,24-12-2022
232,Sneha Reddy,Delhi,08-03-2024
233,Pooja Verma,Delhi,19-05-2022
234,Rahul Das,Hyderabad,05-04-2024
235,Amit Yadav,Pune,12-04-2022
236,Priya Sharma,Kolkata,17-10-2023
237,Priya Sharma,Hyderabad,30-04-2022
238,Priya Sharma,Mumbai,07-08-2023
239,Amit Yadav,Kolkata,12-11-2022
240,Ravi Kumar,Mumbai,31-01-2023
241,Arjun Patel,Kolkata,24-05-2022
242,Priya Sharma,Ahmedabad,03-04-2023
243,Amit Yadav,Ahmedabad,16-03-2022
244,Pooja Verma,Bangalore,03-05-2024
245,Arjun Patel,Hyderabad,25-04-2023
246,Arjun Patel,Chennai,11-06-2024
247,Karan Singh,Chennai,16-11-2022
248,Rahul Das,Pune,17-02-2022
249,Arjun Patel,Kolkata,31-03-2024
250,Anjali Mehta,Delhi,13-06-2022
251,Amit Yadav,Bangalore,16-06-2022
252,Amit Yadav,Chennai,24-12-2022
253,Anjali Mehta,Delhi,14-06-2023
254,Neha Gupta,Ahmedabad,10-09-2022
255,Pooja Verma,Mumbai,31-12-2023
256,Anjali Mehta,Mumbai,12-08-2022
257,Ravi Kumar,Hyderabad,03-04-2024
258,Anjali Mehta,Mumbai,25-09-2023
259,Amit Yadav,Ahmedabad,01-08-2023
260,Sneha Reddy,Kolkata,27-05-2023
261,Sneha Reddy,Mumbai,05-01-2022
262,Priya Sharma,Kolkata,08-01-2024
263,Pooja Verma,Bangalore,20-06-2022
264,Amit Yadav,Hyderabad,05-10-2022
265,Pooja Verma,Mumbai,24-08-2023
266,Karan Singh,Bangalore,27-08-2023
267,Karan Singh,Delhi,11-12-2023
268,Sneha Reddy,Ahmedabad,03-06-2024
269,Rahul Das,Mumbai,04-03-2022
270,Anjali Mehta,Kolkata,19-09-2023
271,Sneha Reddy,Mumbai,25-09-2023
272,Sneha Reddy,Chennai,29-06-2022
273,Amit Yadav,Ahmedabad,27-03-2023
274,Rahul Das,Mumbai,16-02-2024
275,Priya Sharma,Bangalore,19-06-2023
276,Priya Sharma,Ahmedabad,01-01-2023
277,Anjali Mehta,Delhi,14-06-2024
278,Sneha Reddy,Delhi,02-01-2022
279,Sneha Reddy,Kolkata,22-05-2022
280,Arjun Patel,Ahmedabad,21-01-2024
281,Pooja Verma,Chennai,07-11-2022
282,Neha Gupta,Hyderabad,10-01-2024
283,Karan Singh,Chennai,10-08-2022
284,Neha Gupta,Kolkata,16-11-2022
285,Sneha Reddy,Delhi,28-04-2024
286,Arjun Patel,Ahmedabad,17-03-2024
287,Pooja Verma,Mumbai,27-09-2023
288,Priya Sharma,Kolkata,20-04-2023
289,Amit Yadav,Chennai,09-09-2023
290,Rahul Das,Pune,03-07-2023
291,Amit Yadav,Mumbai,22-02-2023
292,Sneha Reddy,Pune,06-03-2024
293,Amit Yadav,Kolkata,24-08-2022
294,Rahul Das,Mumbai,24-04-2024
295,Arjun Patel,Pune,08-09-2022
296,Amit Yadav,Kolkata,29-05-2023
297,Arjun Patel,Hyderabad,05-04-2024
298,Neha Gupta,Delhi,15-08-2022
299,Arjun Patel,Kolkata,14-07-2023
300,Ravi Kumar,Mumbai,07-01-2024
301,Arjun Patel,Pune,02-04-2023
302,Priya Sharma,Hyderabad,16-07-2022
303,Priya Sharma,Hyderabad,09-11-2022
304,Neha Gupta,Delhi,25-04-2022
305,Karan Singh,Hyderabad,25-02-2023
306,Arjun Patel,Hyderabad,10-02-2023
307,Sneha Reddy,Mumbai,24-04-2022
308,Arjun Patel,Chennai,14-03-2022
309,Rahul Das,Kolkata,29-09-2022
310,Ravi Kumar,Delhi,02-09-2022
311,Priya Sharma,Kolkata,24-10-2023
312,Neha Gupta,Hyderabad,21-10-2022
313,Ravi Kumar,Bangalore,13-05-2023
314,Neha Gupta,Ahmedabad,05-05-2023
315,Arjun Patel,Mumbai,16-07-2023
316,Karan Singh,Ahmedabad,23-07-2022
317,Arjun Patel,Ahmedabad,23-10-2023
318,Rahul Das,Ahmedabad,18-06-2023
319,Priya Sharma,Kolkata,05-04-2023
320,Karan Singh,Hyderabad,09-03-2024
321,Pooja Verma,Hyderabad,07-06-2024
322,Neha Gupta,Delhi,26-03-2024
323,Anjali Mehta,Kolkata,31-05-2024
324,Priya Sharma,Hyderabad,19-11-2023
325,Ravi Kumar,Delhi,24-03-2023
326,Ravi Kumar,Bangalore,30-04-2024
327,Amit Yadav,Chennai,09-01-2024
328,Karan Singh,Ahmedabad,16-04-2024
329,Rahul Das,Hyderabad,10-06-2024
330,Karan Singh,Pune,13-07-2023
331,Neha Gupta,Ahmedabad,16-06-2024
332,Pooja Verma,Delhi,17-04-2023
333,Ravi Kumar,Ahmedabad,21-04-2023
334,Arjun Patel,Pune,03-01-2024
335,Neha Gupta,Mumbai,11-01-2022
336,Anjali Mehta,Delhi,16-09-2023
337,Karan Singh,Mumbai,10-05-2024
338,Arjun Patel,Mumbai,17-05-2024
339,Neha Gupta,Hyderabad,04-06-2023
340,Rahul Das,Mumbai,11-02-2023
341,Neha Gupta,Kolkata,25-04-2023
342,Amit Yadav,Kolkata,18-03-2024
343,Karan Singh,Ahmedabad,23-09-2023
344,Amit Yadav,Mumbai,12-06-2024
345,Amit Yadav,Chennai,01-09-2022
346,Sneha Reddy,Bangalore,19-09-2023
347,Priya Sharma,Pune,24-08-2023
348,Pooja Verma,Ahmedabad,02-07-2022
349,Rahul Das,Ahmedabad,08-01-2024
350,Ravi Kumar,Ahmedabad,18-05-2022
351,Neha Gupta,Delhi,27-12-2022
352,Neha Gupta,Hyderabad,01-04-2023
353,Sneha Reddy,Delhi,11-07-2023
354,Neha Gupta,Mumbai,17-09-2023
355,Anjali Mehta,Hyderabad,26-05-2022
356,Anjali Mehta,Bangalore,16-02-2022
357,Sneha Reddy,Kolkata,25-04-2024
358,Pooja Verma,Hyderabad,17-06-2022
359,Arjun Patel,Bangalore,27-03-2022
360,Priya Sharma,Kolkata,02-01-2022
361,Ravi Kumar,Pune,09-02-2022
362,Karan Singh,Chennai,02-01-2022
363,Priya Sharma,Bangalore,11-05-2023
364,Neha Gupta,Pune,30-04-2022
365,Karan Singh,Chennai,09-08-2023
366,Priya Sharma,Mumbai,11-02-2024
367,Karan Singh,Ahmedabad,10-12-2023
368,Karan Singh,Delhi,29-05-2024
369,Arjun Patel,Bangalore,13-12-2022
370,Arjun Patel,Kolkata,06-09-2023
371,Ravi Kumar,Kolkata,04-06-2022
372,Ravi Kumar,Bangalore,07-07-2023
373,Sneha Reddy,Chennai,29-03-2023
374,Ravi Kumar,Ahmedabad,29-01-2024
375,Arjun Patel,Ahmedabad,23-11-2023
376,Sneha Reddy,Mumbai,20-02-2023
377,Sneha Reddy,Mumbai,17-02-2024
378,Ravi Kumar,Bangalore,24-07-2023
379,Arjun Patel,Ahmedabad,08-02-2024
380,Pooja Verma,Kolkata,24-02-2023
381,Neha Gupta,Kolkata,25-03-2023
382,Karan Singh,Chennai,29-11-2022
383,Pooja Verma,Mumbai,25-12-2023
384,Amit Yadav,Mumbai,29-08-2023
385,Ravi Kumar,Hyderabad,15-06-2022
386,Rahul Das,Hyderabad,16-03-2023
387,Pooja Verma,Hyderabad,02-10-2023
388,Ravi Kumar,Kolkata,19-06-2024
389,Karan Singh,Ahmedabad,11-01-2023
390,Rahul Das,Bangalore,21-07-2022
391,Pooja Verma,Hyderabad,03-06-2024
392,Arjun Patel,Chennai,11-06-2022
393,Arjun Patel,Delhi,14-11-2023
394,Sneha Reddy,Kolkata,28-01-2024
395,Priya Sharma,Delhi,26-02-2022
396,Neha Gupta,Pune,23-03-2024
397,Priya Sharma,Chennai,29-10-2022
398,Ravi Kumar,Delhi,13-01-2024
399,Ravi Kumar,Ahmedabad,07-01-2023
400,Karan Singh,Kolkata,13-02-2022
401,Ravi Kumar,Delhi,31-08-2022
402,Karan Singh,Delhi,05-03-2022
403,Anjali Mehta,Kolkata,13-07-2022
404,Anjali Mehta,Kolkata,01-10-2023
405,Arjun Patel,Delhi,13-01-2023
406,Neha Gupta,Bangalore,04-02-2023
407,Arjun Patel,Pune,30-09-2022
408,Priya Sharma,Kolkata,26-01-2022
409,Neha Gupta,Delhi,14-03-2022
410,Amit Yadav,Hyderabad,01-01-2022
411,Neha Gupta,Pune,10-07-2023
412,Neha Gupta,Hyderabad,12-05-2022
413,Arjun Patel,Kolkata,06-02-2022
414,Neha Gupta,Kolkata,16-02-2023
415,Karan Singh,Mumbai,19-06-2023
416,Rahul Das,Pune,20-03-2024
417,Ravi Kumar,Ahmedabad,19-11-2023
418,Ravi Kumar,Hyderabad,28-10-2023
419,Rahul Das,Chennai,21-12-2023
420,Arjun Patel,Ahmedabad,28-05-2023
421,Pooja Verma,Mumbai,13-11-2023
422,Rahul Das,Hyderabad,29-03-2023
423,Karan Singh,Ahmedabad,28-04-2022
424,Rahul Das,Delhi,21-03-2024
425,Neha Gupta,Pune,04-11-2022
426,Rahul Das,Hyderabad,21-04-2023
427,Priya Sharma,Kolkata,18-10-2022
428,Priya Sharma,Ahmedabad,02-05-2023
429,Priya Sharma,Ahmedabad,08-06-2024
430,Pooja Verma,Ahmedabad,23-09-2022
431,Karan Singh,Hyderabad,11-06-2024
432,Amit Yadav,Kolkata,10-04-2023
433,Ravi Kumar,Chennai,03-09-2022
434,Priya Sharma,Bangalore,20-02-2022
435,Amit Yadav,Hyderabad,11-08-2022
436,Neha Gupta,Hyderabad,11-12-2022
437,Karan Singh,Ahmedabad,18-03-2023
438,Pooja Verma,Ahmedabad,20-06-2023
439,Ravi Kumar,Mumbai,22-10-2022
440,Sneha Reddy,Chennai,01-12-2022
441,Rahul Das,Kolkata,23-05-2022
442,Rahul Das,Pune,31-01-2022
443,Priya Sharma,Hyderabad,10-03-2024
444,Priya Sharma,Mumbai,10-06-2023
445,Priya Sharma,Ahmedabad,09-04-2022
446,Arjun Patel,Mumbai,18-01-2022
447,Arjun Patel,Ahmedabad,15-05-2022
448,Ravi Kumar,Bangalore,27-08-2022
449,Priya Sharma,Pune,28-06-2022
450,Pooja Verma,Ahmedabad,10-12-2022
451,Sneha Reddy,Pune,20-04-2023
452,Anjali Mehta,Hyderabad,07-06-2023
453,Neha Gupta,Delhi,08-04-2024
454,Karan Singh,Hyderabad,28-12-2023
455,Neha Gupta,Kolkata,03-03-2022
456,Pooja Verma,Bangalore,25-06-2022
457,Neha Gupta,Chennai,19-10-2022
458,Karan Singh,Ahmedabad,08-04-2022
459,Karan Singh,Delhi,31-01-2022
460,Anjali Mehta,Mumbai,03-10-2023
461,Ravi Kumar,Ahmedabad,01-06-2024
462,Karan Singh,Bangalore,13-09-2022
463,Anjali Mehta,Pune,23-12-2022
464,Pooja Verma,Pune,09-08-2022
465,Sneha Reddy,Ahmedabad,25-07-2023
466,Amit Yadav,Ahmedabad,29-07-2022
467,Anjali Mehta,Delhi,31-07-2023
468,Neha Gupta,Chennai,03-06-2024
469,Priya Sharma,Kolkata,21-04-2023
470,Ravi Kumar,Delhi,16-12-2022
471,Sneha Reddy,Hyderabad,22-11-2023
472,Pooja Verma,Mumbai,24-12-2022
473,Ravi Kumar,Bangalore,18-05-2022
474,Amit Yadav,Chennai,23-09-2022
475,Ravi Kumar,Chennai,01-04-2022
476,Karan Singh,Mumbai,27-05-2024
477,Pooja Verma,Pune,24-05-2022
478,Karan Singh,Hyderabad,23-07-2022
479,Arjun Patel,Pune,14-04-2024
480,Sneha Reddy,Hyderabad,13-04-2024
481,Ravi Kumar,Delhi,18-01-2022
482,Amit Yadav,Ahmedabad,21-08-2022
483,Rahul Das,Pune,11-03-2022
484,Rahul Das,Hyderabad,01-11-2023
485,Priya Sharma,Pune,25-06-2023
486,Sneha Reddy,Delhi,12-01-2023
487,Rahul Das,Bangalore,10-06-2023
488,Amit Yadav,Kolkata,25-04-2023
489,Sneha Reddy,Ahmedabad,19-01-2022
490,Ravi Kumar,Mumbai,04-06-2024
491,Sneha Reddy,Bangalore,26-06-2023
492,Pooja Verma,Mumbai,03-01-2022
493,Karan Singh,Pune,18-01-2024
494,Ravi Kumar,Kolkata,07-07-2023
495,Sneha Reddy,Kolkata,18-04-2022
496,Priya Sharma,Pune,14-02-2022
497,Amit Yadav,Hyderabad,17-11-2022
498,Amit Yadav,Ahmedabad,10-06-2023
499,Amit Yadav,Delhi,29-02-2024
500,Priya Sharma,Delhi,18-09-2022
501,Priya Sharma,Delhi,15-05-2023
502,Karan Singh,Mumbai,18-09-2023
503,Neha Gupta,Bangalore,13-01-2024
504,Neha Gupta,Chennai,10-06-2023
505,Priya Sharma,Ahmedabad,30-06-2022
506,Rahul Das,Delhi,27-05-2022
507,Anjali Mehta,Chennai,26-05-2022
508,Rahul Das,Mumbai,01-03-2024
509,Ravi Kumar,Bangalore,18-04-2023
510,Ravi Kumar,Bangalore,17-01-2024
511,Priya Sharma,Chennai,13-06-2023
512,Priya Sharma,Kolkata,16-07-2023
513,Karan Singh,Hyderabad,31-01-2024
514,Arjun Patel,Kolkata,07-06-2023
515,Rahul Das,Bangalore,11-01-2024
516,Ravi Kumar,Hyderabad,14-01-2024
517,Karan Singh,Ahmedabad,08-06-2022
518,Priya Sharma,Delhi,06-03-2024
519,Sneha Reddy,Hyderabad,05-03-2022
520,Rahul Das,Delhi,02-01-2022
521,Ravi Kumar,Mumbai,01-02-2023
522,Neha Gupta,Pune,18-02-2023
523,Priya Sharma,Pune,13-05-2022
524,Priya Sharma,Pune,09-03-2023
525,Amit Yadav,Hyderabad,04-08-2023
526,Pooja Verma,Bangalore,11-04-2022
527,Karan Singh,Ahmedabad,25-10-2023
528,Anjali Mehta,Ahmedabad,30-11-2022
529,Sneha Reddy,Delhi,12-06-2022
530,Amit Yadav,Mumbai,04-05-2023
531,Amit Yadav,Kolkata,13-04-2023
532,Arjun Patel,Delhi,09-05-2022
533,Sneha Reddy,Pune,02-07-2023
534,Ravi Kumar,Hyderabad,08-09-2023
535,Anjali Mehta,Chennai,09-05-2022
536,Amit Yadav,Kolkata,04-02-2022
537,Priya Sharma,Kolkata,18-04-2024
538,Neha Gupta,Hyderabad,16-05-2023
539,Amit Yadav,Delhi,09-05-2022
540,Pooja Verma,Bangalore,17-10-2022
541,Priya Sharma,Mumbai,10-02-2023
542,Pooja Verma,Ahmedabad,19-11-2023
543,Neha Gupta,Bangalore,19-09-2023
544,Rahul Das,Pune,07-03-2022
545,Arjun Patel,Bangalore,18-07-2022
546,Neha Gupta,Kolkata,16-04-2022
547,Rahul Das,Bangalore,16-12-2022
548,Arjun Patel,Hyderabad,02-04-2023
549,Rahul Das,Bangalore,24-06-2022
550,Sneha Reddy,Kolkata,14-08-2023
551,Anjali Mehta,Delhi,29-04-2024
552,Arjun Patel,Pune,28-05-2022
553,Anjali Mehta,Hyderabad,15-04-2023
554,Rahul Das,Pune,19-08-2022
555,Amit Yadav,Mumbai,20-02-2022
556,Priya Sharma,Kolkata,17-05-2022
557,Anjali Mehta,Mumbai,16-06-2024
558,Neha Gupta,Mumbai,19-04-2023
559,Arjun Patel,Bangalore,31-05-2023
560,Priya Sharma,Pune,29-06-2023
561,Amit Yadav,Mumbai,30-11-2022
562,Sneha Reddy,Chennai,01-01-2023
563,Sneha Reddy,Bangalore,13-01-2024
564,Priya Sharma,Hyderabad,20-06-2023
565,Priya Sharma,Ahmedabad,04-07-2022
566,Ravi Kumar,Ahmedabad,21-05-2022
567,Pooja Verma,Pune,05-12-2022
568,Ravi Kumar,Pune,16-07-2022
569,Arjun Patel,Chennai,20-03-2024
570,Rahul Das,Bangalore,30-06-2023
571,Ravi Kumar,Bangalore,04-10-2023
572,Priya Sharma,Delhi,08-08-2022
573,Priya Sharma,Pune,08-03-2022
574,Rahul Das,Chennai,20-09-2023
575,Karan Singh,Chennai,23-01-2022
576,Ravi Kumar,Pune,22-04-2024
577,Rahul Das,Hyderabad,27-03-2023
578,Ravi Kumar,Hyderabad,02-07-2022
579,Karan Singh,Ahmedabad,12-04-2024
580,Karan Singh,Pune,26-05-2022
581,Rahul Das,Hyderabad,12-03-2024
582,Rahul Das,Ahmedabad,06-07-2022
583,Karan Singh,Bangalore,24-08-2022
584,Ravi Kumar,Mumbai,30-05-2023
585,Rahul Das,Pune,15-09-2022
586,Arjun Patel,Hyderabad,12-10-2022
587,Anjali Mehta,Ahmedabad,17-03-2022
588,Pooja Verma,Chennai,14-02-2024
589,Rahul Das,Chennai,14-12-2022
590,Amit Yadav,Chennai,21-03-2023
591,Neha Gupta,Kolkata,15-01-2022
592,Ravi Kumar,Chennai,01-10-2022
593,Pooja Verma,Kolkata,29-04-2024
594,Sneha Reddy,Bangalore,29-03-2023
595,Anjali Mehta,Delhi,15-03-2024
596,Pooja Verma,Ahmedabad,09-03-2024
597,Amit Yadav,Kolkata,19-10-2022
598,Amit Yadav,Pune,10-05-2023
599,Rahul Das,Chennai,28-08-2022
600,Amit Yadav,Mumbai,09-01-2024
601,Ravi Kumar,Chennai,27-07-2023
602,Neha Gupta,Kolkata,10-07-2022
603,Karan Singh,Kolkata,09-09-2023
604,Sneha Reddy,Delhi,21-03-2023
605,Priya Sharma,Delhi,28-04-2024
606,Sneha Reddy,Delhi,19-06-2022
607,Priya Sharma,Bangalore,09-07-2022
608,Neha Gupta,Pune,13-01-2023
609,Amit Yadav,Bangalore,08-05-2024
610,Priya Sharma,Hyderabad,05-03-2022
611,Priya Sharma,Bangalore,24-09-2022
612,Sneha Reddy,Chennai,30-04-2022
613,Amit Yadav,Delhi,31-01-2024
614,Arjun Patel,Hyderabad,28-05-2022
615,Rahul Das,Pune,10-02-2023
616,Rahul Das,Chennai,08-11-2023
617,Pooja Verma,Mumbai,01-05-2023
618,Arjun Patel,Bangalore,26-04-2022
619,Rahul Das,Bangalore,02-07-2022
620,Sneha Reddy,Hyderabad,05-04-2024
621,Ravi Kumar,Chennai,14-02-2023
622,Anjali Mehta,Mumbai,14-03-2022
623,Arjun Patel,Bangalore,12-04-2022
624,Arjun Patel,Pune,09-12-2023
625,Priya Sharma,Mumbai,03-06-2023
626,Sneha Reddy,Ahmedabad,22-03-2023
627,Arjun Patel,Delhi,02-04-2023
628,Sneha Reddy,Ahmedabad,20-04-2024
629,Pooja Verma,Pune,18-05-2023
630,Priya Sharma,Ahmedabad,23-01-2024
631,Karan Singh,Delhi,10-10-2022
632,Karan Singh,Chennai,18-06-2023
633,Anjali Mehta,Ahmedabad,13-07-2023
634,Amit Yadav,Ahmedabad,09-03-2023
635,Priya Sharma,Bangalore,24-12-2022
636,Ravi Kumar,Kolkata,24-05-2023
637,Sneha Reddy,Pune,08-07-2022
638,Priya Sharma,Kolkata,28-05-2024
639,Sneha Reddy,Bangalore,20-05-2023
640,Ravi Kumar,Kolkata,04-01-2022
641,Arjun Patel,Ahmedabad,12-12-2023
642,Sneha Reddy,Kolkata,10-12-2023
643,Sneha Reddy,Kolkata,18-01-2024
644,Anjali Mehta,Mumbai,25-05-2024
645,Sneha Reddy,Kolkata,21-05-2024
646,Anjali Mehta,Kolkata,07-09-2022
647,Arjun Patel,Pune,19-02-2023
648,Arjun Patel,Bangalore,03-03-2024
649,Pooja Verma,Chennai,27-01-2023
650,Anjali Mehta,Bangalore,15-01-2022
651,Karan Singh,Kolkata,04-10-2022
652,Anjali Mehta,Ahmedabad,07-06-2024
653,Priya Sharma,Kolkata,20-03-2024
654,Neha Gupta,Ahmedabad,12-11-2023
655,Pooja Verma,Chennai,27-03-2024
656,Sneha Reddy,Hyderabad,21-06-2023
657,Neha Gupta,Bangalore,18-03-2024
658,Anjali Mehta,Chennai,22-12-2022
659,Ravi Kumar,Kolkata,04-02-2023
660,Sneha Reddy,Delhi,08-04-2022
661,Neha Gupta,Delhi,01-08-2022
662,Amit Yadav,Mumbai,26-08-2023
663,Karan Singh,Delhi,22-04-2023
664,Anjali Mehta,Delhi,27-06-2023
665,Rahul Das,Delhi,22-06-2023
666,Anjali Mehta,Chennai,12-03-2024
667,Sneha Reddy,Bangalore,24-03-2023
668,Anjali Mehta,Bangalore,02-05-2023
669,Anjali Mehta,Kolkata,16-02-2022
670,Amit Yadav,Ahmedabad,25-07-2022
671,Priya Sharma,Delhi,12-06-2022
672,Neha Gupta,Ahmedabad,12-05-2023
673,Anjali Mehta,Delhi,09-03-2022
674,Arjun Patel,Hyderabad,15-02-2022
675,Priya Sharma,Mumbai,06-06-2022
676,Anjali Mehta,Hyderabad,11-11-2022
677,Pooja Verma,Chennai,14-10-2023
678,Pooja Verma,Hyderabad,17-03-2023
679,Anjali Mehta,Ahmedabad,01-12-2023
680,Ravi Kumar,Hyderabad,07-02-2024
681,Rahul Das,Chennai,23-01-2024
682,Pooja Verma,Kolkata,21-08-2022
683,Anjali Mehta,Ahmedabad,20-07-2023
684,Pooja Verma,Chennai,30-10-2022
685,Rahul Das,Kolkata,25-05-2023
686,Amit Yadav,Pune,09-05-2023
687,Neha Gupta,Delhi,31-05-2022
688,Anjali Mehta,Ahmedabad,02-06-2022
689,Sneha Reddy,Pune,23-09-2022
690,Anjali Mehta,Mumbai,17-04-2022
691,Anjali Mehta,Mumbai,10-02-2023
692,Neha Gupta,Pune,01-10-2022
693,Rahul Das,Mumbai,20-12-2023
694,Arjun Patel,Kolkata,31-03-2022
695,Ravi Kumar,Kolkata,25-07-2023
696,Pooja Verma,Hyderabad,03-03-2024
697,Anjali Mehta,Hyderabad,23-09-2022
698,Arjun Patel,Chennai,27-07-2023
699,Ravi Kumar,Delhi,07-10-2022
700,Karan Singh,Chennai,14-12-2022
701,Arjun Patel,Bangalore,22-01-2024
702,Amit Yadav,Bangalore,16-12-2023
703,Priya Sharma,Ahmedabad,01-01-2024
704,Sneha Reddy,Pune,15-03-2022
705,Neha Gupta,Hyderabad,13-06-2023
706,Arjun Patel,Hyderabad,03-11-2022
707,Anjali Mehta,Mumbai,26-02-2023
708,Sneha Reddy,Chennai,16-02-2024
709,Neha Gupta,Chennai,30-09-2022
710,Rahul Das,Kolkata,04-04-2023
711,Amit Yadav,Pune,07-03-2022
712,Rahul Das,Chennai,05-07-2023
713,Sneha Reddy,Mumbai,15-01-2024
714,Anjali Mehta,Bangalore,03-09-2023
715,Karan Singh,Ahmedabad,13-07-2023
716,Amit Yadav,Chennai,05-04-2023
717,Karan Singh,Hyderabad,05-03-2024
718,Rahul Das,Chennai,06-06-2022
719,Amit Yadav,Delhi,26-11-2023
720,Priya Sharma,Kolkata,28-07-2023
721,Rahul Das,Chennai,30-10-2023
722,Sneha Reddy,Mumbai,27-02-2022
723,Priya Sharma,Ahmedabad,24-03-2022
724,Karan Singh,Kolkata,31-03-2023
725,Neha Gupta,Bangalore,01-07-2023
726,Priya Sharma,Kolkata,13-01-2022
727,Sneha Reddy,Ahmedabad,06-12-2023
728,Karan Singh,Bangalore,01-09-2022
729,Rahul Das,Pune,16-04-2024
730,Rahul Das,Hyderabad,24-03-2022
731,Neha Gupta,Mumbai,22-12-2022
732,Sneha Reddy,Chennai,20-12-2022
733,Amit Yadav,Hyderabad,23-03-2022
734,Ravi Kumar,Kolkata,11-03-2022
735,Amit Yadav,Ahmedabad,03-09-2023
736,Anjali Mehta,Delhi,20-08-2022
737,Anjali Mehta,Bangalore,19-03-2024
738,Rahul Das,Bangalore,01-05-2022
739,Amit Yadav,Delhi,09-03-2024
740,Amit Yadav,Delhi,11-01-2024
741,Sneha Reddy,Mumbai,09-07-2022
742,Karan Singh,Pune,06-03-2022
743,Neha Gupta,Bangalore,30-05-2024
744,Anjali Mehta,Delhi,08-02-2022
745,Arjun Patel,Hyderabad,17-02-2024
746,Priya Sharma,Chennai,16-01-2024
747,Anjali Mehta,Bangalore,27-04-2022
748,Neha Gupta,Chennai,21-06-2023
749,Sneha Reddy,Pune,19-05-2022
750,Priya Sharma,Hyderabad,14-08-2022
751,Arjun Patel,Chennai,16-08-2023
752,Karan Singh,Delhi,08-06-2024
753,Priya Sharma,Bangalore,21-04-2022
754,Karan Singh,Bangalore,17-04-2024
755,Pooja Verma,Bangalore,21-03-2024
756,Rahul Das,Mumbai,06-03-2024
757,Arjun Patel,Pune,31-07-2022
758,Karan Singh,Delhi,18-02-2024
759,Pooja Verma,Chennai,23-04-2023
760,Amit Yadav,Chennai,21-03-2023
761,Pooja Verma,Bangalore,18-02-2022
762,Arjun Patel,Hyderabad,21-01-2024
763,Rahul Das,Ahmedabad,12-09-2023
764,Pooja Verma,Kolkata,08-04-2024
765,Pooja Verma,Pune,06-06-2022
766,Pooja Verma,Kolkata,23-01-2024
767,Rahul Das,Hyderabad,16-03-2022
768,Amit Yadav,Bangalore,11-05-2024
769,Neha Gupta,Bangalore,19-10-2022
770,Sneha Reddy,Delhi,22-01-2022
771,Priya Sharma,Ahmedabad,22-12-2022
772,Rahul Das,Ahmedabad,29-07-2023
773,Rahul Das,Hyderabad,12-12-2023
774,Amit Yadav,Hyderabad,22-10-2023
775,Karan Singh,Hyderabad,27-07-2022
776,Amit Yadav,Bangalore,14-09-2023
777,Pooja Verma,Pune,24-03-2024
778,Arjun Patel,Mumbai,17-03-2023
779,Rahul Das,Mumbai,29-12-2022
780,Rahul Das,Hyderabad,02-01-2024
781,Rahul Das,Ahmedabad,17-03-2022
782,Amit Yadav,Ahmedabad,22-07-2023
783,Arjun Patel,Mumbai,16-10-2023
784,Sneha Reddy,Bangalore,19-12-2023
785,Sneha Reddy,Bangalore,16-09-2023
786,Ravi Kumar,Chennai,31-01-2023
787,Rahul Das,Kolkata,10-02-2024
788,Amit Yadav,Bangalore,08-05-2023
789,Karan Singh,Bangalore,08-06-2023
790,Anjali Mehta,Pune,20-11-2022
791,Amit Yadav,Mumbai,28-09-2022
792,Anjali Mehta,Kolkata,25-04-2024
793,Pooja Verma,Pune,28-04-2023
794,Pooja Verma,Kolkata,04-03-2022
795,Ravi Kumar,Delhi,19-11-2023
796,Neha Gupta,Ahmedabad,10-01-2024
797,Ravi Kumar,Pune,17-02-2024
798,Rahul Das,Delhi,04-10-2022
799,Amit Yadav,Kolkata,11-06-2023
800,Sneha Reddy,Bangalore,26-10-2022
801,Rahul Das,Pune,18-06-2022
802,Ravi Kumar,Pune,21-04-2022
803,Priya Sharma,Pune,01-02-2023
804,Rahul Das,Bangalore,16-10-2023
805,Neha Gupta,Bangalore,07-02-2022
806,Ravi Kumar,Bangalore,01-08-2022
807,Neha Gupta,Chennai,30-04-2022
808,Arjun Patel,Delhi,24-11-2022
809,Amit Yadav,Bangalore,25-04-2022
810,Priya Sharma,Pune,07-05-2023
811,Ravi Kumar,Hyderabad,23-03-2023
812,Priya Sharma,Ahmedabad,16-01-2024
813,Pooja Verma,Ahmedabad,18-08-2022
814,Pooja Verma,Delhi,29-01-2022
815,Arjun Patel,Pune,21-08-2023
816,Anjali Mehta,Mumbai,24-10-2022
817,Arjun Patel,Bangalore,23-01-2023
818,Arjun Patel,Mumbai,06-11-2023
819,Anjali Mehta,Hyderabad,23-07-2022
820,Ravi Kumar,Mumbai,24-10-2023
821,Priya Sharma,Chennai,29-01-2024
822,Sneha Reddy,Chennai,19-04-2024
823,Arjun Patel,Pune,25-09-2023
824,Pooja Verma,Delhi,01-01-2023
825,Neha Gupta,Hyderabad,17-04-2024
826,Ravi Kumar,Chennai,31-03-2023
827,Karan Singh,Chennai,14-10-2023
828,Karan Singh,Pune,16-05-2023
829,Arjun Patel,Kolkata,14-11-2022
830,Ravi Kumar,Ahmedabad,05-03-2022
831,Neha Gupta,Chennai,18-05-2024
832,Karan Singh,Pune,06-04-2023
833,Anjali Mehta,Ahmedabad,14-01-2022
834,Ravi Kumar,Chennai,02-08-2023
835,Priya Sharma,Chennai,06-06-2023
836,Priya Sharma,Hyderabad,23-07-2022
837,Arjun Patel,Hyderabad,22-12-2023
838,Neha Gupta,Delhi,27-04-2022
839,Neha Gupta,Mumbai,03-03-2024
840,Amit Yadav,Delhi,17-04-2023
841,Karan Singh,Kolkata,31-07-2022
842,Rahul Das,Kolkata,28-01-2022
843,Sneha Reddy,Delhi,11-04-2023
844,Pooja Verma,Hyderabad,07-07-2022
845,Amit Yadav,Ahmedabad,05-03-2022
846,Sneha Reddy,Hyderabad,25-02-2024
847,Amit Yadav,Ahmedabad,01-10-2023
848,Karan Singh,Delhi,04-06-2024
849,Karan Singh,Bangalore,07-03-2023
850,Ravi Kumar,Bangalore,19-09-2022
851,Rahul Das,Bangalore,25-02-2022
852,Arjun Patel,Chennai,15-05-2024
853,Neha Gupta,Delhi,08-06-2024
854,Pooja Verma,Pune,20-02-2022
855,Neha Gupta,Mumbai,19-05-2022
856,Rahul Das,Mumbai,15-01-2024
857,Neha Gupta,Bangalore,04-11-2023
858,Ravi Kumar,Kolkata,04-04-2023
859,Priya Sharma,Mumbai,24-05-2023
860,Karan Singh,Delhi,02-11-2022
861,Anjali Mehta,Bangalore,28-02-2023
862,Priya Sharma,Mumbai,15-03-2023
863,Pooja Verma,Mumbai,28-03-2024
864,Sneha Reddy,Chennai,25-03-2024
865,Pooja Verma,Delhi,24-01-2023
866,Rahul Das,Hyderabad,06-01-2022
867,Karan Singh,Chennai,01-01-2023
868,Arjun Patel,Ahmedabad,01-05-2024
869,Priya Sharma,Delhi,27-11-2022
870,Ravi Kumar,Kolkata,12-02-2024
871,Neha Gupta,Mumbai,08-06-2024
872,Priya Sharma,Ahmedabad,26-05-2023
873,Anjali Mehta,Pune,06-05-2024
874,Arjun Patel,Ahmedabad,18-10-2023
875,Pooja Verma,Ahmedabad,06-04-2024
876,Priya Sharma,Mumbai,31-05-2023
877,Karan Singh,Ahmedabad,22-07-2022
878,Neha Gupta,Chennai,08-06-2022
879,Rahul Das,Pune,23-12-2022
880,Sneha Reddy,Chennai,04-05-2022
881,Neha Gupta,Chennai,30-01-2022
882,Karan Singh,Kolkata,20-12-2022
883,Priya Sharma,Ahmedabad,06-04-2023
884,Pooja Verma,Kolkata,09-02-2022
885,Sneha Reddy,Kolkata,22-03-2022
886,Karan Singh,Pune,13-02-2023
887,Amit Yadav,Pune,28-02-2023
888,Pooja Verma,Pune,23-11-2023
889,Sneha Reddy,Hyderabad,02-06-2024
890,Karan Singh,Pune,25-02-2024
891,Neha Gupta,Pune,20-04-2022
892,Priya Sharma,Ahmedabad,28-12-2023
893,Amit Yadav,Ahmedabad,11-11-2022
894,Neha Gupta,Bangalore,23-08-2022
895,Priya Sharma,Hyderabad,05-05-2024
896,Anjali Mehta,Bangalore,04-06-2023
897,Anjali Mehta,Bangalore,16-05-2023
898,Priya Sharma,Ahmedabad,12-05-2022
899,Arjun Patel,Hyderabad,20-02-2024
900,Amit Yadav,Mumbai,21-04-2024
901,Neha Gupta,Kolkata,30-07-2022
902,Arjun Patel,Bangalore,01-01-2023
903,Sneha Reddy,Bangalore,18-08-2022
904,Arjun Patel,Ahmedabad,15-04-2024
905,Rahul Das,Chennai,04-08-2022
906,Priya Sharma,Mumbai,18-01-2023
907,Priya Sharma,Bangalore,14-04-2023
908,Karan Singh,Kolkata,07-03-2022
909,Pooja Verma,Kolkata,10-09-2023
910,Amit Yadav,Mumbai,19-10-2023
911,Anjali Mehta,Pune,06-11-2022
912,Karan Singh,Bangalore,18-02-2024
913,Ravi Kumar,Delhi,19-11-2022
914,Ravi Kumar,Delhi,20-03-2023
915,Priya Sharma,Chennai,25-05-2023
916,Rahul Das,Pune,07-04-2022
917,Anjali Mehta,Bangalore,01-08-2023
918,Rahul Das,Bangalore,07-05-2023
919,Neha Gupta,Bangalore,08-07-2022
920,Neha Gupta,Hyderabad,10-11-2022
921,Rahul Das,Ahmedabad,08-09-2022
922,Amit Yadav,Delhi,01-09-2022
923,Amit Yadav,Mumbai,09-10-2022
924,Sneha Reddy,Mumbai,27-04-2023
925,Ravi Kumar,Mumbai,18-12-2023
926,Neha Gupta,Hyderabad,23-03-2022
927,Ravi Kumar,Kolkata,31-01-2023
928,Rahul Das,Mumbai,18-06-2022
929,Anjali Mehta,Ahmedabad,21-05-2023
930,Arjun Patel,Kolkata,07-03-2023
931,Rahul Das,Chennai,20-01-2023
932,Sneha Reddy,Hyderabad,31-05-2022
933,Arjun Patel,Pune,17-02-2024
934,Karan Singh,Ahmedabad,10-07-2022
935,Rahul Das,Hyderabad,28-12-2022
936,Arjun Patel,Chennai,13-04-2022
937,Ravi Kumar,Bangalore,18-04-2024
938,Rahul Das,Bangalore,15-06-2024
939,Priya Sharma,Chennai,26-04-2023
940,Anjali Mehta,Delhi,10-06-2022
941,Priya Sharma,Ahmedabad,14-08-2023
942,Arjun Patel,Bangalore,18-10-2023
943,Ravi Kumar,Chennai,06-06-2024
944,Pooja Verma,Pune,09-07-2022
945,Anjali Mehta,Hyderabad,20-04-2024
946,Arjun Patel,Bangalore,16-12-2022
947,Neha Gupta,Pune,25-09-2022
948,Ravi Kumar,Chennai,14-11-2023
949,Sneha Reddy,Mumbai,10-04-2023
950,Priya Sharma,Delhi,07-05-2024
951,Priya Sharma,Delhi,27-05-2024
952,Ravi Kumar,Pune,09-02-2023
953,Pooja Verma,Kolkata,22-03-2024
954,Ravi Kumar,Chennai,22-08-2023
955,Anjali Mehta,Hyderabad,22-05-2023
956,Ravi Kumar,Kolkata,22-04-2023
957,Arjun Patel,Kolkata,11-01-2024
958,Pooja Verma,Mumbai,20-05-2022
959,Anjali Mehta,Chennai,14-11-2023
960,Rahul Das,Mumbai,05-02-2022
961,Sneha Reddy,Delhi,20-11-2023
962,Sneha Reddy,Pune,01-03-2023
963,Anjali Mehta,Pune,10-05-2022
964,Ravi Kumar,Bangalore,19-03-2024
965,Priya Sharma,Hyderabad,24-04-2024
966,Anjali Mehta,Delhi,09-10-2022
967,Anjali Mehta,Bangalore,22-09-2023
968,Anjali Mehta,Pune,18-09-2023
969,Priya Sharma,Bangalore,19-09-2023
970,Anjali Mehta,Bangalore,18-12-2023
971,Karan Singh,Chennai,19-04-2024
972,Neha Gupta,Bangalore,25-12-2022
973,Ravi Kumar,Ahmedabad,11-06-2024
974,Rahul Das,Bangalore,23-04-2024
975,Priya Sharma,Delhi,22-06-2022
976,Pooja Verma,Hyderabad,22-03-2022
977,Amit Yadav,Hyderabad,05-04-2023
978,Priya Sharma,Mumbai,06-04-2022
979,Sneha Reddy,Mumbai,22-05-2024
980,Priya Sharma,Pune,09-02-2023
981,Amit Yadav,Bangalore,02-04-2023
982,Pooja Verma,Hyderabad,02-08-2023
983,Pooja Verma,Pune,13-04-2023
984,Ravi Kumar,Pune,03-08-2023
985,Anjali Mehta,Kolkata,27-03-2023
986,Neha Gupta,Bangalore,12-05-2024
987,Arjun Patel,Mumbai,19-12-2023
988,Neha Gupta,Bangalore,02-11-2023
989,Karan Singh,Pune,01-03-2022
990,Karan Singh,Mumbai,24-05-2022
991,Neha Gupta,Pune,22-03-2023
992,Karan Singh,Hyderabad,05-06-2024
993,Amit Yadav,Pune,05-08-2022
994,Neha Gupta,Pune,24-10-2023
995,Priya Sharma,Pune,05-08-2023
996,Rahul Das,Delhi,22-05-2024
997,Sneha Reddy,Chennai,26-03-2024
998,Neha Gupta,Bangalore,27-10-2022
999,Ravi Kumar,Kolkata,04-08-2022
1000,Neha Gupta,Pune,16-12-2022
